[{"model": "presence.individu", "pk": 1, "fields": {"nom": "SIDY", "prenom": "Joel Olivier", "cin": "", "faceId": "photos/JpPRO_2_of_2-2.jpg"}}, {"model": "presence.individu", "pk": 2, "fields": {"nom": "RATOVOSON", "prenom": "Tahina Anthony", "cin": "", "faceId": "photos/tony.jpg"}}, {"model": "presence.individu", "pk": 3, "fields": {"nom": "AMBININTSOA ANDREA", "prenom": "Anjaraniaina", "cin": "", "faceId": "photos/Anjara.png"}}, {"model": "presence.individu", "pk": 4, "fields": {"nom": "Andriamanantena", "prenom": "Andonofy Cynthia", "cin": "", "faceId": "photos/Cynthia.png"}}, {"model": "presence.individu", "pk": 5, "fields": {"nom": "Rakotovahoaka", "prenom": "Ando", "cin": "", "faceId": "photos/Ando.png"}}, {"model": "presence.individu", "pk": 6, "fields": {"nom": "Kwan", "prenom": "Gabriel", "cin": "", "faceId": "photos/Gabriel.png"}}, {"model": "presence.individu", "pk": 7, "fields": {"nom": "Randriamanaja", "prenom": "Charlin", "cin": "", "faceId": "photos/Charlin.png"}}, {"model": "presence.individu", "pk": 8, "fields": {"nom": "Responsable", "prenom": "1", "cin": "", "faceId": "photos/OnePieceCalendar2014_5x.png"}}, {"model": "presence.individu", "pk": 9, "fields": {"nom": "Responsable", "prenom": "2", "cin": "", "faceId": "photos/alien-41615.png"}}, {"model": "presence.responsable", "pk": 1, "fields": {"individu": 8, "code_responsable": "A001"}}, {"model": "presence.responsable", "pk": 2, "fields": {"individu": 9, "code_responsable": "A002"}}, {"model": "presence.etudiant", "pk": 1, "fields": {"individu": 1, "num_matricule": 1, "niveau": "m1", "parcours": "sr"}}, {"model": "presence.etudiant", "pk": 2, "fields": {"individu": 2, "num_matricule": 2, "niveau": "m1", "parcours": "sr"}}, {"model": "presence.etudiant", "pk": 3, "fields": {"individu": 3, "num_matricule": 3, "niveau": "m1", "parcours": "sr"}}, {"model": "presence.etudiant", "pk": 4, "fields": {"individu": 4, "num_matricule": 4, "niveau": "m1", "parcours": "gb"}}, {"model": "presence.etudiant", "pk": 5, "fields": {"individu": 5, "num_matricule": 4, "niveau": "m1", "parcours": "gb"}}, {"model": "presence.etudiant", "pk": 6, "fields": {"individu": 6, "num_matricule": 5, "niveau": "l3", "parcours": "ig"}}, {"model": "presence.etudiant", "pk": 7, "fields": {"individu": 7, "num_matricule": 6, "niveau": "l3", "parcours": "ig"}}, {"model": "presence.groupeparticipant", "pk": 1, "fields": {"nom_groupe_participant": "m1 sr"}}, {"model": "presence.groupeparticipant", "pk": 2, "fields": {"nom_groupe_participant": "m1"}}, {"model": "presence.groupeparticipant", "pk": 3, "fields": {"nom_groupe_participant": "l3 ig"}}, {"model": "presence.groupeparticipant", "pk": 4, "fields": {"nom_groupe_participant": "m1 gb"}}, {"model": "presence.appartenir", "pk": 1, "fields": {"numero": 1, "groupe": 1, "etudiant": 1}}, {"model": "presence.appartenir", "pk": 2, "fields": {"numero": 2, "groupe": 1, "etudiant": 2}}, {"model": "presence.appartenir", "pk": 3, "fields": {"numero": 3, "groupe": 1, "etudiant": 3}}, {"model": "presence.appartenir", "pk": 4, "fields": {"numero": 1, "groupe": 4, "etudiant": 4}}, {"model": "presence.appartenir", "pk": 5, "fields": {"numero": 2, "groupe": 4, "etudiant": 5}}, {"model": "presence.appartenir", "pk": 6, "fields": {"numero": null, "groupe": 2, "etudiant": 1}}, {"model": "presence.appartenir", "pk": 7, "fields": {"numero": null, "groupe": 2, "etudiant": 2}}, {"model": "presence.appartenir", "pk": 8, "fields": {"numero": null, "groupe": 2, "etudiant": 3}}, {"model": "presence.appartenir", "pk": 9, "fields": {"numero": null, "groupe": 2, "etudiant": 4}}, {"model": "presence.appartenir", "pk": 10, "fields": {"numero": null, "groupe": 2, "etudiant": 5}}, {"model": "presence.appartenir", "pk": 11, "fields": {"numero": null, "groupe": 3, "etudiant": 6}}, {"model": "presence.appartenir", "pk": 12, "fields": {"numero": null, "groupe": 3, "etudiant": 7}}, {"model": "presence.categorie", "pk": 1, "fields": {"nom_categorie": "cours"}}, {"model": "presence.categorie", "pk": 2, "fields": {"nom_categorie": "examen"}}, {"model": "presence.categorie", "pk": 3, "fields": {"nom_categorie": "asa tanana"}}, {"model": "presence.matiere", "pk": 1, "fields": {"nom_matiere": "entreprenariat l3"}}, {"model": "presence.matiere", "pk": 2, "fields": {"nom_matiere": "genie logiciel l3"}}, {"model": "presence.matiere", "pk": 3, "fields": {"nom_matiere": "systeme embarque m1"}}, {"model": "presence.matiere", "pk": 4, "fields": {"nom_matiere": "intelligence artificielle m1"}}, {"model": "presence.evenement", "pk": 1, "fields": {"categorie": 1, "matiere": 3, "date_debut": null, "date_fin": null, "responsables": [1], "presences": []}}]